<?xml version='1.0'?>
<home version='6500' exportFlags='17' name='zoetask.sh3d' camera='topCamera' selectedLevel='level-4c7274be-022d-4a49-b914-b9b6d03b5012' wallHeight='243.84'>
  <environment groundColor='00A8A8A8' skyColor='00CCE4FC' lightColor='00D0D0D0'/>
  <observerCamera attribute='observerCamera' lens='PINHOLE' x='50.0' y='50.0' z='170.0' yaw='5.4977875' pitch='0.19634955' fieldOfView='1.0995575' time='1424520000567' fixedSize='true'/>
  <camera attribute='topCamera' lens='PINHOLE' x='338.08405' y='426.21094' z='969.024' yaw='-110.49045' pitch='1.3257966' fieldOfView='1.0995575' time='1424520000567'/>
  <level id='level-bcce00ce-cd1f-4842-8b20-f39b72c6df4d' name='Level 0' elevation='0.0' floorThickness='12.0' height='243.84' elevationIndex='0'/>
  <level id='level-4c7274be-022d-4a49-b914-b9b6d03b5012' name='Level 1' elevation='0.0' floorThickness='12.0' height='243.84' elevationIndex='1'/>
  <doorOrWindow level='level-bcce00ce-cd1f-4842-8b20-f39b72c6df4d' catalogId='Scopia#puerta' name='Door' creator='Scopia' model='1/puerta.obj' x='203.0' y='3.0831919' width='95.0' depth='13.91945' height='210.0' modelMirrored='true' modelSize='244454' movable='false' cutOutShape='M0,0 v1 h1 v-1 z'/>
  <doorOrWindow level='level-bcce00ce-cd1f-4842-8b20-f39b72c6df4d' catalogId='eTeks#sliderWindow126x200' name='Slider window' creator='eTeks' model='3/sliderWindow126x200.obj' x='355.5596' y='491.19934' elevation='5.0' angle='6.2792406' width='216.0' depth='8.22985' height='240.0' modelSize='20685' movable='false' cutOutShape='M0,0 v1 h1 v-1 z'/>
  <doorOrWindow level='level-bcce00ce-cd1f-4842-8b20-f39b72c6df4d' catalogId='eTeks#fixedWindow85x123' name='Fixed window' creator='eTeks' model='5/fixedWindow85x123.obj' x='107.22223' y='471.7814' elevation='87.0' angle='3.1415925' width='117.0' depth='7.6202497' height='145.0' modelSize='19161' movable='false' cutOutShape='M0,0 v1 h1 v-1 z'/>
  <pieceOfFurniture level='level-bcce00ce-cd1f-4842-8b20-f39b72c6df4d' catalogId='eTeks#kitchenCabinet' name='Kitchen cabinet' creator='eTeks' model='7/kitchenCabinet.obj' x='284.6111' y='107.36922' width='60.0' depth='58.0' height='85.0' color='FFF1FFA4' modelSize='13820' movable='false'/>
  <pieceOfFurniture level='level-bcce00ce-cd1f-4842-8b20-f39b72c6df4d' catalogId='LucaPresidente#lavello' name='Sink' creator='LucaPresidente' model='9/lavello.obj' x='354.6111' y='107.06922' width='80.0' depth='62.0' height='100.0' color='FFFCFFB1' modelSize='831675'/>
  <pieceOfFurniture level='level-bcce00ce-cd1f-4842-8b20-f39b72c6df4d' catalogId='Blend Swap CC-BY#kitchenUpperCabinet' name='Upper cabinet' creator='Jay-Artist' model='11/kitchenUpperCabinet.obj' x='311.08884' y='91.41922' elevation='145.0' width='109.4' depth='32.100002' height='77.1' color='FFF1FFA4' modelSize='56106'/>
  <pieceOfFurniture level='level-bcce00ce-cd1f-4842-8b20-f39b72c6df4d' catalogId='Blend Swap CC-BY#kitchenUpperCabinet' name='Upper cabinet' creator='Jay-Artist' model='11/kitchenUpperCabinet.obj' x='408.7556' y='91.41922' elevation='145.0' width='109.4' depth='32.100002' height='77.1' color='FFF1FFA4' modelSize='56106'/>
  <pieceOfFurniture level='level-bcce00ce-cd1f-4842-8b20-f39b72c6df4d' catalogId='Blend Swap CC-BY#kitchenUpperCabinet' name='Upper cabinet' creator='Jay-Artist' model='11/kitchenUpperCabinet.obj' x='446.78384' y='148.04982' elevation='145.0' angle='1.5707964' width='109.4' depth='32.100002' height='77.1' color='FFF1FFA4' modelSize='56106'/>
  <pieceOfFurniture level='level-bcce00ce-cd1f-4842-8b20-f39b72c6df4d' catalogId='Pencilart#stove1' name='Stove' creator='Pencilart' model='13/stove1.obj' x='430.16177' y='166.47145' angle='1.5707964' width='75.0' depth='60.0' height='104.0' modelSize='244633'/>
  <pieceOfFurniture level='level-bcce00ce-cd1f-4842-8b20-f39b72c6df4d' catalogId='eTeks#kitchenCabinet' name='Kitchen cabinet' creator='eTeks' model='7/kitchenCabinet.obj' x='429.6111' y='104.36922' width='70.0' depth='58.0' height='85.0' color='FFF1FFA4' modelSize='13820' movable='false'/>
  <pieceOfFurniture level='level-bcce00ce-cd1f-4842-8b20-f39b72c6df4d' catalogId='Blend Swap CC-0#radiator1' name='Radiator' creator='Knyghtfall13x' model='15/radiator1.obj' x='102.66382' y='460.8214' elevation='10.0' angle='3.1415925' width='150.0' depth='14.3' height='60.0' modelSize='146342' movable='false'/>
  <pieceOfFurniture level='level-bcce00ce-cd1f-4842-8b20-f39b72c6df4d' catalogId='Blend Swap CC-0#radiator1' name='Radiator' creator='Knyghtfall13x' model='15/radiator1.obj' x='458.0431' y='425.15842' elevation='10.0' angle='4.712389' width='110.0' depth='10.0' height='70.0' modelSize='146342' movable='false'/>
  <pieceOfFurniture level='level-bcce00ce-cd1f-4842-8b20-f39b72c6df4d' catalogId='eTeks#bed' name='Bed' creator='eTeks' model='17' x='380.44864' y='388.225' angle='3.1376479' width='144.4625' depth='193.04' height='52.704998' color='FF082100' modelSize='24868'/>
  <pieceOfFurniture level='level-bcce00ce-cd1f-4842-8b20-f39b72c6df4d' catalogId='eTeks#flatTV' name='Flat TV' creator='eTeks' model='19' x='14.89915' y='327.91437' elevation='81.27999' angle='4.712389' width='120.9675' depth='29.845' height='79.375' modelSize='13041'/>
  <pieceOfFurniture level='level-bcce00ce-cd1f-4842-8b20-f39b72c6df4d' catalogId='eTeks#chest' name='Chest' creator='eTeks' model='21' x='27.916656' y='328.3579' angle='4.712389' width='100.33' depth='55.879997' height='80.01' modelSize='52875'/>
  <pieceOfFurniture level='level-4c7274be-022d-4a49-b914-b9b6d03b5012' catalogId='eTeks#desk' name='Desk' creator='eTeks' model='23' x='34.83806' y='92.10796' angle='1.5707964' width='140.0175' depth='67.945' height='77.1525' modelSize='16760'/>
  <pieceOfFurniture level='level-4c7274be-022d-4a49-b914-b9b6d03b5012' catalogId='eTeks#laptop' name='Laptop' creator='eTeks' model='25' x='22.230627' y='118.14161' elevation='77.1525' angle='4.4505897' width='32.385' widthInPlan='32.384995' depth='35.559998' depthInPlan='35.559982' height='19.05' modelSize='45826'/>
  <pieceOfFurniture level='level-4c7274be-022d-4a49-b914-b9b6d03b5012' catalogId='eTeks#chair' name='Chair' creator='eTeks' model='27' x='75.760315' y='118.92907' angle='1.3089969' width='40.005' depth='41.91' height='90.17' modelSize='3025'/>
  <pieceOfFurniture level='level-4c7274be-022d-4a49-b914-b9b6d03b5012' catalogId='eTeks#plant' name='Plant' creator='eTeks' model='29' x='17.375557' y='47.421227' elevation='77.1525' angle='4.712389' width='38.1' depth='33.02' height='81.28' modelSize='113183'/>
  <pieceOfFurniture level='level-4c7274be-022d-4a49-b914-b9b6d03b5012' catalogId='eTeks#roundTable' name='Round table' creator='eTeks' model='31' x='161.91595' y='333.40866' width='91.44' depth='88.9' depthInPlan='88.899994' height='73.659996' modelSize='8110'/>
  <pieceOfFurniture level='level-4c7274be-022d-4a49-b914-b9b6d03b5012' catalogId='eTeks#chair2' name='Chair' creator='eTeks' model='33' x='196.09914' y='289.7335' angle='0.7853982' width='48.5775' depth='49.8475' height='80.01' modelSize='16429'/>
  <pieceOfFurniture level='level-4c7274be-022d-4a49-b914-b9b6d03b5012' catalogId='eTeks#chair2' name='Chair' creator='eTeks' model='33' x='199.53506' y='382.6095' angle='2.3561945' width='48.5775' depth='49.8475' height='80.01' modelSize='16429'/>
  <light level='level-4c7274be-022d-4a49-b914-b9b6d03b5012' catalogId='eTeks#workLamp' name='Work lamp' creator='eTeks' model='35' x='14.731906' y='87.00703' elevation='76.2' angle='5.7595863' width='12.065' depth='29.5275' height='49.212498' modelSize='26784'/>
  <pieceOfFurniture level='level-4c7274be-022d-4a49-b914-b9b6d03b5012' catalogId='eTeks#oven' name='Oven' creator='eTeks' model='37' x='288.5761' y='90.609215' elevation='86.042496' width='50.8' depth='30.48' depthInPlan='30.479998' height='29.5275' modelSize='30619'/>
  <doorOrWindow level='level-4c7274be-022d-4a49-b914-b9b6d03b5012' catalogId='eTeks#window85x123' name='Small window' creator='eTeks' model='39' x='-4.3602443' y='78.84687' elevation='86.994995' angle='1.5707964' width='91.44' depth='10.452342' height='133.985' modelSize='9333' movable='false' cutOutShape='M0,0 v1 h1 v-1 z' wallCutOutOnBothSides='true'/>
  <wall id='wall-3e74fea4-7681-490b-a48c-f6d80978b035' level='level-bcce00ce-cd1f-4842-8b20-f39b72c6df4d' wallAtStart='wall-99914d88-9226-4b87-b382-4653e9eaa561' wallAtEnd='wall-786cd32f-0e88-4f56-bf87-3a94db6b2a02' xStart='-2.9444427' yStart='2.4481068' xEnd='257.5' yEnd='1.5592213' height='262.0' thickness='7.62' pattern='hatchUp'/>
  <wall id='wall-786cd32f-0e88-4f56-bf87-3a94db6b2a02' level='level-bcce00ce-cd1f-4842-8b20-f39b72c6df4d' wallAtStart='wall-3e74fea4-7681-490b-a48c-f6d80978b035' wallAtEnd='wall-90a81d0a-067f-4085-be1f-0774c152e60f' xStart='257.5' yStart='1.5592213' xEnd='257.5' yEnd='71.55922' height='262.0' thickness='7.62' pattern='hatchUp'/>
  <wall id='wall-90a81d0a-067f-4085-be1f-0774c152e60f' level='level-bcce00ce-cd1f-4842-8b20-f39b72c6df4d' wallAtStart='wall-786cd32f-0e88-4f56-bf87-3a94db6b2a02' wallAtEnd='wall-2f7ba8b3-c5d5-44fc-9055-ae0d950663d9' xStart='257.5' yStart='71.55922' xEnd='467.5' yEnd='71.55922' height='262.0' thickness='7.62' pattern='hatchUp'/>
  <wall id='wall-2f7ba8b3-c5d5-44fc-9055-ae0d950663d9' level='level-bcce00ce-cd1f-4842-8b20-f39b72c6df4d' wallAtStart='wall-90a81d0a-067f-4085-be1f-0774c152e60f' wallAtEnd='wall-a93e5577-040c-4472-9de8-f35318d4318e' xStart='467.5' yStart='71.55922' xEnd='466.61108' yEnd='207.78145' height='262.0' thickness='7.62' pattern='hatchUp'/>
  <wall id='wall-a93e5577-040c-4472-9de8-f35318d4318e' level='level-bcce00ce-cd1f-4842-8b20-f39b72c6df4d' wallAtStart='wall-2f7ba8b3-c5d5-44fc-9055-ae0d950663d9' wallAtEnd='wall-55708ae5-e933-40d7-981a-a13420c461cd' xStart='466.61108' yStart='207.78145' xEnd='392.61108' yEnd='207.78145' height='262.0' thickness='7.62' pattern='hatchUp'/>
  <wall id='wall-55708ae5-e933-40d7-981a-a13420c461cd' level='level-bcce00ce-cd1f-4842-8b20-f39b72c6df4d' wallAtStart='wall-a93e5577-040c-4472-9de8-f35318d4318e' wallAtEnd='wall-8d43ffbd-35c1-47f6-8d58-a2b47773f82f' xStart='392.61108' yStart='207.78145' xEnd='393.5' yEnd='235.55922' height='262.0' thickness='7.62' pattern='hatchUp'/>
  <wall id='wall-8d43ffbd-35c1-47f6-8d58-a2b47773f82f' level='level-bcce00ce-cd1f-4842-8b20-f39b72c6df4d' wallAtStart='wall-55708ae5-e933-40d7-981a-a13420c461cd' wallAtEnd='wall-c98ac94a-93c0-4966-9213-cae3139d3071' xStart='393.5' yStart='235.55922' xEnd='467.5' yEnd='235.55922' height='262.0' thickness='7.62' pattern='hatchUp'/>
  <wall id='wall-c98ac94a-93c0-4966-9213-cae3139d3071' level='level-bcce00ce-cd1f-4842-8b20-f39b72c6df4d' wallAtStart='wall-8d43ffbd-35c1-47f6-8d58-a2b47773f82f' wallAtEnd='wall-5e809d4c-72fa-4b5d-8126-4f56188f49a5' xStart='467.5' yStart='235.55922' xEnd='468.3889' yEnd='490.44806' height='262.0' thickness='7.62' pattern='hatchUp'/>
  <wall id='wall-5e809d4c-72fa-4b5d-8126-4f56188f49a5' level='level-bcce00ce-cd1f-4842-8b20-f39b72c6df4d' wallAtStart='wall-c98ac94a-93c0-4966-9213-cae3139d3071' wallAtEnd='wall-5a172ecc-63bb-437a-a35c-1536be09805d' xStart='468.3889' yStart='490.44806' xEnd='243.05554' yEnd='491.33698' height='262.0' thickness='7.62' pattern='hatchUp'/>
  <wall id='wall-5a172ecc-63bb-437a-a35c-1536be09805d' level='level-bcce00ce-cd1f-4842-8b20-f39b72c6df4d' wallAtStart='wall-5e809d4c-72fa-4b5d-8126-4f56188f49a5' xStart='243.05554' yStart='491.33698' xEnd='243.05554' yEnd='471.78143' height='262.0' thickness='7.62' pattern='hatchUp'/>
  <wall id='wall-42b536ff-4785-4ea5-917a-751e0c0d9901' level='level-bcce00ce-cd1f-4842-8b20-f39b72c6df4d' wallAtEnd='wall-e70c22d6-f6bc-493e-945f-5240396665a2' xStart='247.5' yStart='471.7814' xEnd='-3.8333435' yEnd='471.78143' height='262.0' thickness='7.62' pattern='hatchUp'/>
  <wall id='wall-e70c22d6-f6bc-493e-945f-5240396665a2' level='level-bcce00ce-cd1f-4842-8b20-f39b72c6df4d' wallAtStart='wall-42b536ff-4785-4ea5-917a-751e0c0d9901' wallAtEnd='wall-9bb6179e-8a4f-4ccc-b5d0-e4a07c2b979c' xStart='-3.8333435' yStart='471.78143' xEnd='-3.833355' yEnd='199.78145' height='262.0' thickness='7.62' pattern='hatchUp'/>
  <wall id='wall-9bb6179e-8a4f-4ccc-b5d0-e4a07c2b979c' level='level-bcce00ce-cd1f-4842-8b20-f39b72c6df4d' wallAtStart='wall-e70c22d6-f6bc-493e-945f-5240396665a2' wallAtEnd='wall-25443b08-ee30-43a7-85a3-b5b66b19d238' xStart='-3.833355' yStart='199.78145' xEnd='41.49999' yEnd='199.78145' height='262.0' thickness='7.62' pattern='hatchUp'/>
  <wall id='wall-25443b08-ee30-43a7-85a3-b5b66b19d238' level='level-bcce00ce-cd1f-4842-8b20-f39b72c6df4d' wallAtStart='wall-9bb6179e-8a4f-4ccc-b5d0-e4a07c2b979c' wallAtEnd='wall-6367deb4-2e34-482a-905c-5652c76c526a' xStart='41.49999' yStart='199.78145' xEnd='41.49999' yEnd='166.00368' height='262.0' thickness='7.62' pattern='hatchUp'/>
  <wall id='wall-6367deb4-2e34-482a-905c-5652c76c526a' level='level-bcce00ce-cd1f-4842-8b20-f39b72c6df4d' wallAtStart='wall-25443b08-ee30-43a7-85a3-b5b66b19d238' wallAtEnd='wall-99914d88-9226-4b87-b382-4653e9eaa561' xStart='41.49999' yStart='166.00368' xEnd='-2.9444542' yEnd='166.89256' height='262.0' thickness='7.62' pattern='hatchUp'/>
  <wall id='wall-99914d88-9226-4b87-b382-4653e9eaa561' level='level-bcce00ce-cd1f-4842-8b20-f39b72c6df4d' wallAtStart='wall-6367deb4-2e34-482a-905c-5652c76c526a' wallAtEnd='wall-3e74fea4-7681-490b-a48c-f6d80978b035' xStart='-2.9444542' yStart='166.89256' xEnd='-2.9444427' yEnd='2.4481068' height='262.0' thickness='7.62' pattern='hatchUp'/>
  <wall id='wall-c9475612-9755-48aa-bfc3-5302aecc7295' level='level-bcce00ce-cd1f-4842-8b20-f39b72c6df4d' xStart='1.4999815' yStart='1.5592213' xEnd='1.4999815' yEnd='1.5592213' height='262.0' thickness='7.62' pattern='hatchUp'/>
</home>